[
    {
        "qty": 1,
        "item": "Product A",
        "ppu": 100,
        "pd": 0
        
       
        
        
    },
    {
        "qty": 2,
        "item": "Product A",
        "ppu": 100,
        "pd": 0
        
        
    },

    {
        "qty": 10,
        "item": "Product B",
        "ppu": 200,
        "pd": 50
       
        
    },

    {
        "qty": 1,
        "item": "Product C",
        "ppu": 300,
        "pd": 0
        
        
    }



]